first_name,last_name,gender,email
Arnuad,Yandell,Male,ayandell0@wikimedia.org
Tessi,Grimston,Female,tgrimston1@rambler.ru
Lonny,Bayston,Male,lbayston2@indiatimes.com
Talbert,Leacy,Male,tleacy3@addtoany.com
Claudell,Baggott,Male,cbaggott4@jugem.jp
Arthur,Cragoe,Male,acragoe5@oakley.com
Antonius,Preshous,Male,apreshous6@yellowbook.com
Yorke,Olyunin,Male,yolyunin7@businessinsider.com
Zea,Yeatman,Female,zyeatman8@nsw.gov.au
Aldus,Hanks,Male,ahanks9@over-blog.com
Susie,Longstaff,Female,slongstaffa@1und1.de
Chrysa,Frankema,Female,cfrankemab@constantcontact.com
Gwenette,Frend,Female,gfrendc@nymag.com
Dyane,Heminsley,Female,dheminsleyd@mit.edu
Halette,Checkley,Female,hcheckleye@disqus.com
Fidelio,Paal,Male,fpaalf@bloomberg.com
Keeley,Stang-Gjertsen,Female,kstanggjertseng@sina.com.cn
Myrta,Jedrzejkiewicz,Female,mjedrzejkiewiczh@spotify.com
Candie,Verdun,Female,cverduni@lulu.com
Gerri,Letessier,Female,gletessierj@exblog.jp
